1w,1x,1y,1z,2w,2x,2y,2z,3w,3x,3y,3z,4w,4x,4y,4z,5w,5x,5y,5z,6w,6x,6y,6z,gesture
0.7394188449263712,0.4650308403957894,0.427055035369712,-0.23373079817155284,0.6290823175879101,0.6296604975620534,0.32932082140870333,-0.3151680378700037,0.23210037583788637,0.8282955775736727,0.1615416961768187,-0.48369425477684197,0.027561398098170754,-0.9246171710914413,0.0068038609263427145,-0.37983833894728103,0.055104336665990815,0.9208080232057799,-0.03591857262235519,0.3844293857410455,0.7838082255909764,0.6109876981617124,0.08576864125548844,-0.07058638939742316,OK
0.41227982421587417,0.9061312785657101,0.03795223189646989,-0.08666649089166983,0.3632160963866761,-0.7868204496216465,0.22729978873006917,0.4442099204498708,0.45442015257831964,-0.8111192331285874,0.19128685457762634,0.31463829049463615,0.5733643301254909,-0.7623100447371867,-0.1912253243371261,-0.2314511092319421,0.5401954619224664,-0.7187799771615628,-0.27702310941263386,-0.33882503479133946,0.7941397602280049,0.523621848327203,-0.2565500483252999,0.17130170426384156,OK
0.6825130770472767,0.6175412690320734,0.2965039478809995,-0.2547628104584656,0.5089054796417598,0.7371478302851427,0.25683175417519305,-0.36285773953960243,0.2306126993340877,0.8474367309505064,0.13386805394939544,-0.4590731031911653,0.002083196055222625,0.8835439661093042,-0.0019962433028082142,0.46833933772288683,0.13101343882575273,0.8704374075043942,-0.06830003301180983,0.46958418196811696,0.8339247309507929,0.5327750780377792,0.1232914441858944,-0.07429319700377787,OK
0.6258821182389998,0.7243166217515556,0.18646877588332306,-0.221057461180689,0.2760029429461966,0.8288258924704758,0.14865975572630835,-0.46343315859242523,0.22008357140484047,-0.8966492954449455,0.09748258843406707,0.37159172155467557,0.4225688663769259,-0.7726176548507105,-0.23001594724306104,-0.4142344464138457,0.3036232045567803,-0.744771877570999,-0.22799172468844417,-0.5487691440921482,0.8637630753335561,0.4991326995229385,-0.06028258410886486,0.03385126305500434,OK
0.6725895498033299,0.661209370757341,0.23263386496835217,-0.23729085609842124,0.38775329820699017,0.8154708621239019,0.1761479085366003,-0.3919522510136694,0.05246169322480871,0.909533438893436,0.01615883630565639,-0.4119897890578279,0.11232340255502239,-0.8349546754033174,-0.07922654167866167,-0.5328764381676511,0.10959212702162531,0.816840049482364,-0.07183486784162323,0.5617843456511595,0.8645515437077302,0.49313414501343833,0.08285519258938234,-0.05004358455808602,OK
0.7176713105987437,0.5674321264375832,0.3185202231786378,-0.24801923162576497,0.542697639787255,0.7733488357448071,0.18894399934259118,-0.26778912437573177,0.27548712185106183,0.8658775857551043,0.12707617235373503,-0.39776186167235006,0.14858150431122516,0.8544921478983128,-0.09307509654526804,0.48898234340293933,0.2588895459461583,0.8484733322696618,-0.14310248757981447,0.4388517807591503,0.8347085044765165,0.5060924619496393,0.18645478208740557,-0.11120587551504732,OK
0.789211095835936,0.4200912227003877,0.4011739872053898,-0.19932045256135705,0.5785232915419516,0.7709928827238415,0.16780651822141904,-0.20669240038049602,0.04049740642883684,-0.9061314434934691,0.00900115768457508,0.42095694120101773,0.031058766009906116,-0.8316859519657313,-0.018568153384559513,-0.5540659293231129,0.35136572227162766,-0.7438881970541579,-0.23584832044107265,-0.5172504705084151,0.8423279852106851,0.49995708809470607,-0.17305299056642615,0.1028549359573312,OK
0.5239781133962818,0.8511558480037213,0.0029860262499377473,-0.0311727884215416,0.04509911786751838,-0.880833916195501,0.028929839950576613,0.4703836157942821,0.32693830547584346,-0.8991572507115971,0.10469418240336548,0.27141612162183154,0.6427616066111174,-0.6346815030330559,-0.2967771557499617,-0.309774476997959,0.6468664755440438,-0.5808822329141731,-0.362143079131997,-0.33614280378831196,0.8237614191142258,0.4082888049857404,-0.3588924672683508,0.1609769332552603,OK
0.22752121904321418,0.972231497656863,0.032201917947476975,-0.0443062786689088,0.4546491058754374,-0.7890534214871786,0.2264147441103455,0.34557958882938805,0.5406112769627988,-0.7748713375121657,0.193408500835425,0.2643993368511966,0.5335923513745168,-0.8229775791402684,-0.12407596130797456,-0.15030722741285496,0.5115889000626954,-0.8278942822284842,-0.14480044890339758,-0.1786076280101133,0.6100980989732376,0.720660589910676,-0.18090490667813683,0.2751400343799731,OK
0.6418460974081182,0.6791624450424024,0.24626813691771293,-0.25714580538105725,0.39128571599576606,0.8345621054673705,0.1648525406769729,-0.35103450031000843,0.06558726208344573,0.909269665064892,0.030495137345907388,-0.40987441228189725,0.13033472345700003,-0.8879920796629908,-0.06732487513306283,-0.43583286648152353,0.06306994057503813,-0.8703968945478207,-0.04022157465335508,-0.4866350310959699,0.8313639247232154,0.554685849942466,0.030259793252806474,-0.015555624536263777,OK
0.6316806742852902,0.6693469453153492,0.26067659465201126,-0.29155086268458025,0.3027636192081783,0.8662240582119284,0.11844129091812473,-0.3794228939645989,0.025350040786519777,0.9257648262291582,-0.003433558142302658,-0.37723344579650114,0.08108783168266763,-0.8689368342763248,-0.050946844225170096,-0.48556972790150144,0.09075310432213979,0.846895384767789,-0.05477258901529811,0.5210873677297067,0.8763163005262676,0.46449817890831224,0.11163218943742806,-0.062043835344245395,OK
0.7385039946877882,0.48316712622137054,0.40295055800789203,-0.24247108233826586,0.6469732042338708,0.6766774051030996,0.2511723939394559,-0.2458572572632678,0.4484806867865478,0.7892053736944836,0.21897071488903191,-0.3578711747713179,0.1624395607185258,0.8686732855862221,-0.08525393331941962,0.4601650561222333,0.29970028795322917,0.8378133658950438,-0.15003640323289988,0.43097282864851666,0.878681221011605,0.41087166161051747,0.2225722664723022,-0.09780273883869615,OK
0.6730622050331205,0.714377481321741,0.12937625284357682,-0.1411165034165527,0.2864196951414692,0.8975777671747621,0.0952854055516591,-0.3213076432291836,0.010550586405273447,0.9380318494170539,-0.001284368599214194,-0.34638603465357537,0.32183906965030784,-0.745156041410052,-0.2333232025878926,-0.5354646303266487,0.0637664482014661,0.7763653237475069,-0.04737384589575244,0.6252571014320782,0.8998874033237527,0.4306086560534924,0.06088892408767731,-0.03273202704513618,OK
0.7501346908858897,0.6088050497339508,0.20305275621157168,-0.15944884804493475,0.5624030273263181,0.7204850046807664,0.25578583906541413,-0.3149250663538088,0.06315774913181744,-0.8983386809650888,0.024487275720759618,0.4340496357955876,0.2036649584379341,-0.7990634447262356,-0.13717335422012622,-0.5488184279875417,0.30508576874498794,0.7655247541815976,-0.2095621338515676,0.5262872186364229,0.8937658564997948,0.4302150785036772,0.11634260043626464,-0.05061599852804309,OK
0.7442791366414296,0.6446759479601957,0.13292310849476646,-0.11301741507395988,0.2863497834879357,0.8871865199313753,0.11164381913029969,-0.3441504583731783,0.08592390978400391,-0.9223582738950612,0.03396169864895406,0.3751251782133948,0.14157798852813652,-0.7878911343289045,-0.10370738431118713,-0.5902779108602753,0.1385976782345123,0.7835451255565641,-0.1067002616288174,0.5962069892016469,0.9317808136180858,0.34168874987229464,0.11491812896239759,-0.042745025672097134,OK
0.6864479228696658,0.688945316837513,0.16424966699489432,-0.16482004273645331,0.3564454303613522,0.8403093497517156,0.18024480430093767,-0.3665223900621572,0.03198714572617572,0.9279797578120498,0.012722394485957021,-0.3710371036404925,0.20679113110806638,-0.7561593581951002,-0.15439817456598076,-0.6013498622264029,0.22520473660332022,0.7335629891427055,-0.17594206153158734,0.6166137839486425,0.927460659132706,0.35063689184314134,0.12131310228856147,-0.04640718751263414,OK
0.7349535223649024,0.6779093910620836,-0.011930839666828535,-0.01182508089200456,0.173377901702957,0.9816012451900887,-0.0007852751268532307,-0.07999051184560617,0.021733284094401794,-0.9962536874694212,0.012607666951694246,0.08274842173774596,0.6582765880681556,-0.49850261456329303,-0.46258462549644286,-0.32277320385872266,0.7595772144558763,-0.10916628436309399,-0.6352389905557759,-0.08715849078251918,0.9763872162802608,0.19868353058320534,0.08070293148766192,-0.02607480409846465,OK
0.5824355386516132,0.7209470814095107,0.24953459077535986,-0.28060049381511626,0.4091004862995902,0.7815678567560352,0.23582744252111684,-0.4076443238279734,0.08905750182880091,0.8175294194253252,0.09606139349383427,-0.5607910648558219,0.12433630303132143,-0.8767577740546612,-0.03555332458111845,-0.4632194409720393,-0.015593125598344585,0.8887511598033768,-0.019381488834066176,0.45771452705021454,0.8401520606986779,0.5029520069775841,0.17641837808507996,-0.10030129338555385,OK
0.4598721732782335,0.8879604120605283,-0.005067848569624183,0.004267056189727103,0.12380054010022216,-0.8958089966930705,0.05317406404759882,0.4235235372766306,0.5966180865927213,-0.7697231719862471,0.13927813633825886,0.17937306931647176,0.6045412606945723,-0.7469139932577712,-0.17616053193143416,-0.2135809396532878,0.6293151822372107,-0.6813728550980958,-0.2599423620047637,-0.26855800523648515,0.7901476476880108,0.5059944848173524,-0.288895240280984,0.19019941201412202,OK
0.3672651419385038,0.9285431806708041,-0.020670579065570044,0.04996603153874761,0.4350481207857135,-0.7890372393171454,0.21258987590236675,0.37809907727395137,0.6201302386775416,-0.7201914282304247,0.20312576493686782,0.235590147077438,0.4928582342142767,-0.8067259236242178,-0.16700620075474273,-0.2799874533426533,0.4940828031002585,-0.7711033522375206,-0.21107768499475332,-0.341654818121895,0.8587366747178068,0.4862662882632871,-0.14213703002932304,0.0768991878220631,OK
0.6932381116351372,0.552597637450988,0.37473160078924,-0.2713540105288092,0.6129960491633952,0.6238417739586228,0.3487270474526066,-0.33681854335712325,0.2231296362006047,0.833810697966225,0.14364866129204687,-0.4840846491214789,0.2841250170431294,-0.8460062071310874,-0.1449364575167699,-0.4272468788281578,0.33007962276252906,-0.7831640767230502,-0.2086783793212254,-0.48389544900871473,0.8661597616901933,0.4870623571843624,-0.09169671512216361,0.0642591618261929,OK
0.5155267707720822,0.8535839633334329,-0.04599982813451733,0.059250164294222786,0.2146334367104672,-0.903112186762041,0.10147052775226569,0.3578052514503038,0.4224855487077297,-0.8767924860067002,0.11754798575273882,0.19729006224539827,0.741080055580193,-0.5455536019915443,-0.3112192930194943,-0.23730606867030565,0.7420459299332759,-0.41852854062895206,-0.4565188269750897,-0.25650001786695326,0.927147530485849,0.3399323974072233,-0.14657231947558766,0.05796530919882575,OK
0.722532710161972,0.6836365897231446,-0.07972170779174559,0.06505340301991996,0.05323815208305902,0.9977714004776097,-0.007049729200307182,-0.03960092006422102,0.08609726255496401,-0.9962512440759648,0.008408407071365354,-0.0001369239073914444,0.7088460941891978,-0.33033725893810084,-0.5649787676074796,-0.2630845914581745,0.5791885806042669,-0.4685288899185954,-0.5217363784379068,-0.4157071310715761,0.8833889724886788,0.4622359903817565,-0.07135991724753937,0.029488551873861714,OK
0.6403625139370243,0.6743495316566669,0.25368903294035017,-0.26613987762918645,0.28052844230431884,0.868122584496303,0.12318954778217706,-0.39050135295923677,0.018314281468313105,-0.9322687853144529,-0.0016854482609589452,0.3612985722180115,0.0757486657600417,-0.8802119027463335,-0.030466397646839203,-0.4675050208432815,0.0024331504086650825,0.8794161075196121,-0.004277160155656194,0.4760284608247137,0.9088052446562688,0.38247287511067185,0.1557733562303561,-0.059348029272811215,OK
0.6906035651482995,0.6271214533416012,0.2769996551779485,-0.23034016062005816,0.7617305863501466,0.5203906129421105,0.3192524137371291,-0.21688250299047515,0.01390599240570684,0.9333197534826206,0.015138736056277736,-0.35845736120907173,0.43401416726925374,-0.7969704116596775,-0.18448262977834726,-0.37740697510597954,0.2804300088753671,-0.732634893828305,-0.2053809983608124,-0.5851698625011935,0.9287623882575426,0.3494631645553756,-0.11823312939796338,0.036011802091151936,OK
0.49288159656837904,0.8626392451509413,-0.053349838626381534,0.10037459443583746,0.024039698898018824,-0.9976371058064656,7.015421150753916e-05,0.06436064848475437,0.13084181140564297,0.9837718733052887,0.013222013717786765,-0.12205941190559569,0.6310567887158836,-0.5753926921633641,-0.3926467561077613,-0.3413489477626161,0.659363094660462,-0.4590015197911851,-0.4983406946198052,-0.3259056095175578,0.9745307956097589,0.20636295133338572,-0.08571243001912975,0.01890608540658154,OK
0.5747187501742329,0.8159986453125455,0.032120702852831744,-0.053036115001932546,0.048327622244021436,-0.9261149384481917,0.03477104540532784,0.37251380660689887,0.34868893454130745,-0.9009843027316898,0.10064130067481601,0.23772808365445547,0.5003020493473425,-0.7609078971102735,-0.2417727578048237,-0.3350566595630065,0.5059212213898795,-0.675990235930367,-0.3360631559907038,-0.41730381481571344,0.8853347018338114,0.42961024361043393,-0.16137666207732795,0.0746664399218268,OK
0.6346816601965857,0.6098248103927622,0.3556615766097048,-0.31432106795923914,0.5859142563716708,0.6888095142878545,0.286742736045715,-0.31626656562460015,0.22837741192760325,0.8629633515783922,0.13644005771122003,-0.42956038249074735,0.06503385749648022,0.8895380279165027,-0.03186753599299405,0.4510844205016196,0.1636509554431065,0.8700600271656986,-0.07926099015301537,0.45818294310345686,0.8555753847163037,0.4986922957462428,0.1183318153662703,-0.07276219281339773,OK
0.6712650507694511,0.7392004021804592,0.03879188681868638,-0.03848618646709347,0.14623463235782982,0.9533941576650832,0.04756258471274032,-0.25960125763312525,0.08304814407635462,-0.9786346879761673,0.009529703131969106,0.18784658105347354,0.6173156041345719,-0.5355970296832593,-0.4329577166833459,-0.3802694863524842,0.40376851939970426,-0.6080482636861246,-0.3772417382890743,-0.5700324224662113,0.9243449455396722,0.38153120268061413,-0.004211983099568083,0.0016193315638121802,OK
0.5772099333441986,0.8150972702806996,-0.026594043335051252,0.041688004135860206,0.039464198005121014,0.9547990552617182,0.02521276156856632,-0.29353987429517875,0.25291873549304184,-0.9356904266721267,0.05796591406210203,0.23907214701357293,0.6664413454329228,-0.5116799028652532,-0.4318270103026907,-0.32797110127936663,0.7648754825060418,-0.2582899125796136,-0.5610194962389538,-0.1830544786683899,0.965615669844385,0.23574830554783732,-0.10558187801070139,0.029352710573925456,OK
0.6086565738692229,0.7925627437561571,-0.02619845971772703,0.026364995807128554,0.12325509213924463,0.9640228434901195,0.023160353083869403,-0.2343752067433789,0.27877052436124045,-0.9548136643490741,0.033304160855275426,0.09751253247341386,0.7388008893487464,-0.5469070340305848,-0.32289695003723684,-0.22539632135866847,0.744348016336214,-0.4577377709729642,-0.42304490309303094,-0.2396980883696274,0.920983978076389,0.27675687193815524,-0.26456236904094477,0.07211725763671378,OK
0.354371730667239,0.9350431422726674,0.002416297844991454,-0.010447970974617663,0.1909440811365803,-0.8202058104778334,0.10601889450620523,0.5287369670686832,0.3510386147168995,-0.8259009212472344,0.164983769168221,0.4091942267086096,0.497603118875224,-0.7733519772524791,-0.20691078677775107,-0.3339248144123808,0.45806425865886147,-0.7919863302658374,-0.19340545333320458,-0.35430088658135933,0.8129930301427035,0.5121128634046019,-0.23512175685897105,0.14663051362685628,OK
0.18763072074089723,0.9756712625271518,-0.025940385502308892,0.11039654212391195,0.44744046184057146,-0.8196920014276043,0.18243904584639675,0.30760047212928715,0.6558849672473039,-0.7199877778998299,0.16026458246897018,0.16046112619545866,0.6435769120674145,-0.7571409446808124,-0.06769318968226493,-0.08924113520265937,0.658586782290666,-0.7183505451244385,-0.14777109034638003,-0.1685219551550796,0.7036987709201463,0.542272763850741,-0.36502136233226096,0.27840203740679415,OK
0.3354807563250348,0.9383166255550419,-0.022597388336508834,0.08064694899964284,0.3409193742747098,-0.8511151845331143,0.1559485274751716,0.36750099276005893,0.5331193129340588,-0.7818798381106067,0.1817235032703566,0.2672532231648426,0.5423674468066584,-0.7975432361213206,-0.16259160245200652,-0.20814972969871146,0.5641526588255984,-0.7350034037513965,-0.24397232057109242,-0.2863202417032817,0.7828215074038758,0.5164998491350529,-0.28155836922091776,0.2028380588327754,OK
0.4721775985901178,0.8590120623251848,0.09438623527339846,-0.1738902836860561,0.33602510726595186,0.7662371533055968,0.2152181555165035,-0.5036356795513152,0.16987359610166416,-0.8418685271615577,0.10619573973939933,0.5011215513061875,0.3077145106366007,-0.8648614848373547,-0.14142019315107432,-0.3705762012835095,0.16417067610530076,-0.8394349144210768,-0.1072494062382688,-0.50684768759416,0.8978571226422272,0.4394646869349644,0.025405451937256872,-0.008828322017134788,OK
0.6503190305560897,0.6559331361003408,0.288290208838546,-0.2524393688591127,0.5166763548051918,0.7625601562685865,0.23406480749647463,-0.31106465300397984,0.24188700325729384,0.8559143898092566,0.1477350070353251,-0.43252237244901687,0.03492181125024735,0.8920563656799319,-0.024706160235918102,0.44989500241201946,0.16090067150098178,0.8722071503420797,-0.08037410622723404,0.4548688424709426,0.8742524503099336,0.44441124793755127,0.17784733948660122,-0.08094207602479202,OK
0.4922627868488396,0.8697777734069343,0.016303256983797736,-0.029969607651915545,0.030203656717197165,0.9335668066873938,0.005102231515864652,-0.3570920382842083,0.1989058734486401,-0.9246948237322019,0.07297889152850674,0.3163068413135826,0.39676518597079863,-0.7513010745089854,-0.2550118963083551,-0.46161999023484496,0.25209618179217885,-0.7605171942084287,-0.1952183628815131,-0.5656420274634884,0.9232330210705217,0.3831258683540183,0.027313871121697808,-0.010455154103324623,OK
0.7051085716366422,0.5799949181318966,0.32558932244730865,-0.2458035602956376,0.5104574476242614,0.8066792226227336,0.1790689773992487,-0.23798346011203003,0.3326284496098085,0.8258376603143472,0.18932497274615415,-0.41413346642280413,0.010584914559535597,-0.8918593592881935,-0.009722538248348792,-0.452084411458557,0.027958064436746144,-0.909710875652138,-0.01249619356245683,-0.4141114759332569,0.8410664255431476,0.5354232431724292,0.06683104890760713,-0.038246952776657475,OK
0.6911460267814593,0.7223546222345596,-0.02262501908159356,0.0030129573721661925,0.002932002144462897,0.9934273077704828,-0.0073514430378882065,-0.11419082198047358,0.10101894175190206,-0.9863373645792703,0.022950592802383138,0.12808999544134791,0.6039997226489962,-0.5426862505125608,-0.4428152871639669,-0.3802506936199429,0.7099636645070228,-0.17430470226300554,-0.6653245072961133,-0.15136963314994437,0.962681600254178,0.2659220364000073,-0.05029503486921656,0.00012867180131907846,OK
0.554392761812458,0.7595664873062525,0.20896551965666213,-0.26840422613255716,0.4305653002705601,0.7102476131955859,0.2965515827279188,-0.47140111257236345,0.18710793873309337,0.8304228804709205,0.13364463324999337,-0.5074717438999999,0.06400326403959802,-0.9132070483794404,-0.019067930008873312,-0.40198617268205206,0.024380613472330635,-0.9223391068206629,0.006065924793351588,-0.38556369418343306,0.8445927344586546,0.5113620400131843,0.13691581565849817,-0.08016256205845182,OK
0.47585883789157457,0.8727979333639053,0.048493926878953715,-0.09711062234397755,0.1456986809512089,0.8589845318531987,0.08641601188211788,-0.48316637020431014,0.3820248764428453,-0.8478925244293194,0.15026709874060645,0.3354922649358486,0.5468085009738859,-0.8034146431871976,-0.12915171914650025,-0.1970918765869949,0.5233084150417865,-0.7864910356052225,-0.17857545931709445,-0.2751198992962279,0.7916345604348229,0.5631063278860486,-0.19829479254770296,0.13001985028570748,OK
0.2557652256711208,0.9659982845700491,0.008268876349904242,-0.036920038312996305,0.5198164830615002,-0.7090420536425895,0.2829496290545148,0.3833923545426862,0.6411773445856077,-0.686584991634684,0.2344539360300755,0.250048023251845,0.5970986882834644,-0.7971485262154493,-0.056336257574235285,-0.06966785259524615,0.6264326670267645,-0.750979856760319,-0.13694683300157326,-0.1576608174304092,0.7079854305575477,0.5462850548962523,-0.35276777850459723,0.2754708031065615,OK
0.2358602077691796,0.9684705089252605,0.01916305980828873,-0.07789488347709607,0.5553328605014627,-0.6720614355684775,0.31096004501969354,0.37847416195858075,0.6085044715444318,-0.6955733630272278,0.25100789173288596,0.2879149927413229,0.5219484805218357,-0.8233095120117171,-0.12618739756978378,-0.18386944228593424,0.5591452411448499,-0.7637575830106396,-0.19849566008078218,-0.25422514947956754,0.7689932502807196,0.5605263157048725,-0.24520209767426052,0.18529857452543547,OK
0.38380438190123306,0.889744628174364,0.10361183786534846,-0.2243062195357947,0.0011463470145308967,-0.8885182607345492,0.025117019456054077,0.4581518542616827,0.3652084554083443,-0.7780362861898807,0.2286221357008241,0.4571807525888458,0.3911814013933017,-0.8620786641421065,-0.14579223155128376,-0.28730143273960607,0.33059132227250354,-0.8364110248374136,-0.17665039235042843,-0.3999007552518312,0.7928776632968775,0.5714642050264845,-0.16948541282639615,0.12668215445514694,OK
0.6276754411633696,0.6594748157058885,0.28224897146369154,-0.3024103604669357,0.5041653545392739,0.780695720497115,0.19752879749820057,-0.3119516972845216,0.21879525941587175,0.8647928354447771,0.11153285469314819,-0.4379753515262257,0.07577977171247073,-0.9231017556973248,-0.027900182236520497,-0.3759815881913518,0.03406250736960733,0.9205661637051621,-0.016928037930904735,0.38873014465650335,0.8222927864963185,0.5444197107547731,0.13753502661774933,-0.09233562839480845,OK
0.635878469639522,0.6344159742262706,0.32557154090427803,-0.29525940331959855,0.4973592092943343,0.7539293036556223,0.2394059388429067,-0.35624320129120973,0.33828619231762924,0.8156957539501631,0.1872686854210825,-0.4302712267112156,0.04015817611627301,-0.9411022641585691,-0.009168482609053653,-0.33560361769992386,0.002554501296034442,0.9385059636906736,-0.0002907020277405821,0.3452534520211199,0.7933758239180921,0.5839441662288914,0.13826725741461904,-0.10220654713164373,OK
0.5670793434339165,0.7786514841049137,0.15698625010239023,-0.21789493300800578,0.23865549138035014,0.8015353818206968,0.14030039346492867,-0.5300003657707604,0.14305467543671146,-0.9075058936950525,0.07592163215435767,0.3875620189278866,0.3820867493479194,-0.7746262073703638,-0.2384698527604339,-0.4439550474453057,0.06739457462044157,0.7803047754146426,-0.04385276795071271,0.6202091288588831,0.823399580317583,0.5662675413004349,-0.02917872870516461,0.02242330469710201,OK
0.6498758936846832,0.5379484281468321,0.41922176145935786,-0.335448842866987,0.751966200928831,0.6010399578253566,0.20994586581312497,-0.17094015088893533,0.6649824043038074,0.6191936044340294,0.3009498749744548,-0.2895286772449018,0.21974706889766238,0.919506315666925,-0.08484109108773194,0.31467658067064125,0.2411330268294797,0.9304451941286168,-0.07859689165063032,0.26447898350884697,0.7850834249548556,0.5272037115354324,0.27161656844549165,-0.17867485035760794,OK
0.41813029639378996,0.7913424475346459,0.2036847678109185,-0.3968081417125028,0.8165268746981079,0.172122856926011,0.5395811785609499,-0.11184693452278606,0.21321249927095395,0.8391193857717908,0.12151386330631508,-0.4854415182089189,0.05161370525131766,-0.9318414397067606,-0.011165605806870382,-0.3590026266232983,0.04958663583217964,0.932919726422833,-0.032617961998994194,0.35515914482528194,0.7902892469106463,0.5929039441447903,0.11624991478360891,-0.10194987272065886,OK
0.6119667088075244,0.6768534712893192,0.2773424239787704,-0.3007445852820387,0.8089420631985461,0.488572586209566,0.28432388247465135,-0.1614605098688734,0.670804718587715,0.6270648212420681,0.2959663690510765,-0.2630867687129699,0.021273478727889164,-0.9990269232843815,-0.006222294875410872,-0.038130417021587315,0.1458971560137616,-0.9857802073839477,-0.014719565344692603,-0.08206544335602325,0.6552669691672418,0.7490645390600529,0.0672083385050568,-0.0707852716072837,OK
0.47072643076081744,0.8080012917642402,0.18040282951022935,-0.30496779993173656,0.6084203034862586,0.5256055470926195,0.45289741183908966,-0.3852888235085611,0.1878032032240941,-0.8198027595911562,0.11985756979195343,0.5275296723304401,0.18751457527815574,-0.8857080531272442,-0.08928831671446177,-0.41519528559714813,0.05834781962884538,-0.858141761754839,-0.037282639707386406,-0.5087221770802901,0.8762809996355124,0.4814661107292317,0.016592044163615805,-0.00683359111499188,OK
0.5814117478614836,0.776198965711971,0.1361032931702363,-0.20236461811427842,0.43500541738824083,0.8039821054505844,0.18399449971579437,-0.36128809146228774,0.12677130893533026,0.8919510759835937,0.044319715798391834,-0.4317268535475671,0.1883956036570453,-0.858917060900544,-0.11130325710676513,-0.46301205597056966,0.09299281924149183,-0.8793252567320093,-0.05591510094364316,-0.4636948672663602,0.8511031851297466,0.5247006885703275,0.013424139502154061,-0.011504266793292674,OK
0.6954538025230644,0.6077290541664956,0.2964762223758203,-0.2431280626416255,0.6891748842793044,0.6120259050558876,0.2979495001653712,-0.24837142704090248,0.37680469093332336,0.7651362432280943,0.24146526317251646,-0.46290310095145026,0.08315676192626947,0.9149633902841503,-0.0421601884979234,0.3926187284013472,0.17626445462097026,0.9158894077761341,-0.07012653151401425,0.3537791745403736,0.8345009106770025,0.49655627584667666,0.20397466688111573,-0.12423538250945464,OK
0.5911624776956331,0.7552744410474838,0.16861290432057852,-0.22728205420083308,0.3731435091748858,0.7837664445678956,0.20557133420432583,-0.45190099411652684,-0.0035884423809686657,0.9200655908973197,-0.006699263876546383,-0.3916906322489179,0.15334677684546005,-0.8495141779983749,-0.08146208614660717,-0.498171010729746,0.06912513566186824,-0.8380858489941267,-0.03835410603525787,-0.5397803144666896,0.9040905295703353,0.4262520357521321,0.02276571214480091,-0.020279021399811213,OK
0.5294634282471771,0.8119958374255223,0.13026511034195476,-0.20823601796992156,0.021310191759768088,0.9521725530282614,0.019711690469373287,-0.3041788195217478,0.05178694374984585,-0.883671489607021,0.018515425113894615,0.46486556115248057,0.037205461357648226,-0.8625655259538196,0.017237695803552104,-0.50428100194689,0.10117358351835766,-0.8377572039007526,-0.02750486144529735,-0.5358826885684231,0.9323874263296837,0.3613742614940472,-0.003503754648513518,-0.007074889066512192,OK
0.25775803660105645,0.9657569723243667,0.015957239614720748,-0.024892398002588124,0.46342578599216716,-0.7832089912514135,0.21186881462698862,0.3562749251477573,0.5634500432382172,-0.7781788246039972,0.16133147606746318,0.2256854460143276,0.6005667443799836,-0.767745011700064,-0.14421672110849676,-0.17055415535016982,0.614487021866558,-0.7348819456191865,-0.1910519564840084,-0.21413401384217226,0.7510107607209704,0.5475947742928068,-0.29226588868810854,0.22517426753043837,OK
0.36481114123932895,0.9301110302145434,0.02108058237513612,-0.03690408849469406,0.13321427751858447,-0.8482221965038391,0.09458952868629796,0.5038113562498451,0.39801826087041436,-0.8207980885658321,0.1827753522263875,0.36669487648300597,0.4764912254811894,-0.8151459830092438,-0.17927755070228066,-0.27631992008814543,0.4453682753133717,-0.7635278282585306,-0.25160465549750627,-0.39416678215088774,0.833721314476398,0.47814956930719127,-0.2369631848631154,0.14188096482130214,OK
0.5107582456655846,0.7586265478117856,0.2235330547530237,-0.337112368317403,0.46727742853929405,0.7184882154739768,0.2822311375255895,-0.43101284669222717,0.06663036402940363,0.8979699705583292,0.02720649637332376,-0.4341314698566215,0.04344502853008859,-0.8866668496277414,-0.028965462785122523,-0.4594512261740953,0.03051269518607486,0.8822918781958036,-0.01216848187134348,0.4695550501817117,0.8631646246092727,0.500608935581405,0.058254597516335264,-0.030723383723086122,OK
0.696403911102756,0.6386581924969961,0.23861188024958024,-0.22405730597553544,0.4979516647732184,0.8271358716195122,0.1345668637201075,-0.2231191354822448,0.28747782942070527,0.8619701792027711,0.13136619236642147,-0.3963670410867319,0.036760717496109416,-0.9002493083900385,-0.019133695568713922,-0.43339789349547186,0.08301400532977765,0.8887149679501084,-0.041546620452799006,0.44896353859695143,0.8780088867614427,0.46639569335283426,0.09417382259878208,-0.05202636953501668,OK
0.665995467676911,0.695324468334303,0.19720718642876114,-0.1846164846114327,0.36804781901995404,0.8635614166942571,0.14923945505204098,-0.3106928830331209,0.1509035286066892,0.9260547770653017,0.07491939682719774,-0.33769477180974133,0.039158674361081496,0.8686793890011767,-0.05869100634728725,0.4903244671855238,0.15277460812692345,0.8717509324409398,-0.09873290356927952,0.4549308130395172,0.9009063420028215,0.3920024782706159,0.16778086478918527,-0.08094072756890455,OK
0.25651661418606414,0.9656187208982921,-0.01863634464832789,0.037847049494151484,0.4930813091899667,-0.7800663830944279,0.20422187038670742,0.32658947954464307,0.5103418456387971,-0.8254942302218746,0.12861290250477453,0.20388525638132385,0.6202492948547558,-0.7454677079097551,-0.14953912023391072,-0.192890539466357,0.6140174857819742,-0.7011226824832909,-0.231183552004875,-0.279219763884699,0.7457660134900903,0.5142735246367445,-0.35588536258961534,0.22956786289734912,OK
0.1341637729721214,0.9909570119302173,-0.0013152500621855894,-0.0015977000638375065,0.5640022422674991,-0.721068673723128,0.2492875883238532,0.3159385016108031,0.7471545993171933,-0.5794858182467926,0.25907783764294606,0.19706563681236974,0.5539078577308525,-0.828694199736054,-0.04246501445607813,-0.06818160320118552,0.577090989158932,-0.7939370803059268,-0.11144617625234556,-0.15559451322458878,0.6138687793705728,0.6818416267637621,-0.2652016451942923,0.2965218459278679,OK
0.1372121099228084,0.990253769535761,0.023677960489607082,0.003108536279280673,0.46091199786227754,-0.7539861121002864,0.25667004260958276,0.3913892719701104,0.5381235615030995,-0.7799680677610706,0.18279239441946776,0.26203012492970984,0.6204183687138891,-0.7666091561861842,-0.1213363421179956,-0.1125563925120572,0.6689851423923344,-0.7050560800394464,-0.17866633138902013,-0.15307888582592533,0.7258941195251453,0.6032544576551717,-0.22880114999924306,0.23835230294042212,OK
0.652409522788609,0.6618003189448133,0.2614309920287223,-0.26083709250442333,0.5068978816534202,0.7941198401634606,0.18388854127485968,-0.2803804940109769,0.2584033961410989,0.9009342709648203,0.10002046590933077,-0.3339775900612411,0.132926283576754,0.8873277618871486,-0.06483779929301978,0.43677924161028336,0.15284859276139567,0.8980573227819775,-0.06773895360039063,0.4068682671991662,0.8689157468565375,0.4592685816418688,0.16516096706349456,-0.08233862848057964,OK
0.6311803171088118,0.7256859564883744,0.19262697339869223,-0.19464364610547252,0.31486406617953294,0.8549103214993553,0.15240979278006436,-0.3830929614173272,0.07741400932648745,-0.9523245614633608,0.011340993425749067,0.2948836764924996,0.1546687183971651,-0.8533829164900614,-0.08978249346068559,-0.48964710686399177,0.02748859275866734,0.8514748045972687,-0.01577323705376311,0.5234369488267304,0.9335121308555305,0.3521336573646091,0.06613140445017476,-0.013550876061647343,OK
0.5521819689955079,0.8120807863312227,0.1018520829200954,-0.1588899707116372,0.22619796484021323,0.8947567483198668,0.083857709645739,-0.37578281835546323,0.11603900160888933,-0.9184224862441022,0.057091189092896705,0.37386586230194024,0.21994007645966746,-0.812644670414312,-0.14643896950203839,-0.5194137374245226,0.10995541648883454,-0.8047494025567005,-0.08344329528901115,-0.577343417681982,0.8889675589252358,0.4578447972319402,0.008950123024462542,-0.00589203903566626,OK
0.6486520317655137,0.6923858528910448,0.21577229286084018,-0.2308564273231035,0.4373978307287439,0.819371034288797,0.17816634981968243,-0.3249169088155104,0.01366714018693868,-0.8952367121122895,0.006563760747968101,0.44533285934268496,0.37127946851628474,-0.847377637176406,-0.1621958017540039,-0.3432130798279287,0.24624809368881473,-0.8425400936035004,-0.15247545773374727,-0.45413577464687155,0.8840206990786661,0.46711364162414304,0.016607244724124757,-0.006037286788900629,OK
0.5400011305659086,0.825149493788375,0.09250323174059853,-0.1377325088926873,0.30899543920507566,0.8581322271473345,0.14344157756860484,-0.38412942233867997,0.0761523562479217,0.9025698737200123,0.040305580453690634,-0.42183397430176445,0.07656013798471219,-0.8794872828635992,-0.03986910879438711,-0.46802897209137223,0.1587133350673468,0.8843380137318065,-0.07368629973885579,0.4328125275121768,0.8464542333792482,0.45627587225050853,0.24274669825899725,-0.12806873030034369,OK
0.6780854072267455,0.6738425067819735,0.20896196707308146,-0.20608579008964426,0.43148555853517606,0.8657998909667842,0.1294760245921831,-0.21782268163186352,0.10868715188051196,0.9533254414051333,0.04049602466306304,-0.2787790841729323,0.11354486161525323,-0.7955590175780828,-0.081778497891033,-0.5894961333491976,0.015412387131486458,0.7944315910411418,-0.005346497409064272,0.6071345159387695,0.9239337210892098,0.3705736989360398,0.08629719912388159,-0.039678786706254916,OK
0.7510170549870595,0.6602449058070092,-0.003354344491462926,-0.006228631269396521,0.18516917547615216,0.9779319700333934,0.016873595624880885,-0.09527182275350969,0.026421756880341683,0.9957957778518264,0.0018366917862577446,-0.08768857473533506,0.7034505043554038,-0.212872613497158,-0.6563872536472425,-0.17028919987611715,0.6337733643771041,0.4085549392201235,-0.559074701309956,0.34474579417325923,0.9943424305660242,0.09710919556855993,0.04278979892042384,-0.004687005486256203,OK
0.3666195774910301,0.8677522170226546,0.12902120788965885,-0.30975749089773397,0.42066084543292565,0.6742501157758273,0.3239272567032361,-0.5133248161356075,0.02851707181169289,-0.8873105400547356,0.01630450165654221,0.4600010275518871,0.20614508719995797,-0.8965018950480818,-0.08949137279616122,-0.3818112745763,0.19023518285102134,-0.8930134374842061,-0.08958247379468279,-0.3978851041030631,0.8164622186463433,0.5773625856320909,-0.003985128739268907,0.0050999004155921675,OK
0.5264780869876554,0.8096739292052917,0.1408607934476279,-0.21773192038924308,0.32886982741843634,0.8061494202971348,0.18532223189586353,-0.45565712891767346,0.048569299505946545,-0.8775032983431469,0.027069991260616013,0.4763362259114352,0.20595215532286992,-0.8870154445520222,-0.0998255365826643,-0.40102639949263424,0.09432389074260063,-0.8895745598277315,-0.055040396413487964,-0.4435433021759225,0.8583447807475871,0.5118334078018608,0.03419683538038898,-0.010068588345798733,OK
0.6339487795813159,0.7086720812739872,0.21295199650790675,-0.2248205357022616,0.3232114402701038,0.87757216368121,0.1356117829833779,-0.3271252156689757,0.02264751408998989,0.9330139605482884,0.012957585411246144,-0.3588929373892033,0.11734339102966894,-0.84566327806306,-0.06725672828012265,-0.5162951493267701,0.024821056504527088,-0.8461892372554976,-0.0217085580573021,-0.5318612868164321,0.90935712162591,0.4067320272389118,0.07894014177264512,-0.03751182991110773,OK
0.7263497755763233,0.6872429312939015,-0.0074593259668903735,-0.007583888376708559,0.13890967035057833,0.9840648773445985,0.013826650875648064,-0.1101328488027843,0.12415868397104086,-0.9913897536590196,0.0106537510628567,0.04021784582468624,0.7269035089251339,-0.279200570126509,-0.5938651771708277,-0.20244130432602292,0.7572687169015594,0.01138423485139297,-0.6515067594951283,0.04419764621867583,0.9697846521645179,0.2438347198497859,0.0009560249251571596,-0.007838612011312602,OK
0.3968613454865893,0.9015448472487277,-0.07832399158591213,0.15356859444525803,0.28847537515494626,-0.9226994750207848,0.07640734867169383,0.24406874809066284,0.4574264850029586,-0.8802304858703268,0.05873538473592832,0.11182780129399315,0.6985955112205654,-0.6646826402541056,-0.19514438512381668,-0.17910881720885674,0.688412720603044,-0.6430745199974846,-0.24832051322837306,-0.22556597826781719,0.8248492438961017,0.3985267942197342,-0.3634019330804298,0.16952626394272213,OK
0.17981143658539742,0.9827099284924026,0.00846684120410452,0.04332847003504043,0.4022638914362788,-0.8304681474188268,0.17393691512468387,0.3438784193958556,0.5379911035560653,-0.7966256590102858,0.1484724299215027,0.23218326695556524,0.5323010213332801,-0.8294728332995052,-0.1131277912840617,-0.12582743875970726,0.5373335870191179,-0.7964882505070779,-0.17558643832306034,-0.21458910909541667,0.6877626437479287,0.6344804980255163,-0.23093036916065443,0.2666237200428281,OK
0.5218483267291473,0.8482954533499822,0.04879360950369737,-0.07542102748794961,0.19513566204178118,0.8511416570022862,0.11693734352821843,-0.47308097700444657,0.20374564766755457,-0.8590376437721438,0.10736091085687208,0.45718231862016995,0.2949344580077012,-0.8588714511750438,-0.1394536754055609,-0.39484955141428,0.184288928255897,-0.8562021783629181,-0.10582682588201317,-0.47090986782252164,0.88903968088517,0.45678242679571407,0.028075409540704564,-0.013039622745113381,OK
0.6983598945145856,0.6878989599497327,0.1387896885431812,-0.14080447786821154,0.3211742780940142,0.8624966021621941,0.14108780324406714,-0.3647477568474165,0.06221931441488108,0.9400055200222953,0.020549024434077596,-0.3348075818080644,0.19298282242759723,-0.8204107687433118,-0.1202468377143751,-0.5246184316220498,0.12261142477296245,0.8204459196421775,-0.0694256777673219,0.5540893490441716,0.9133325679640676,0.4006820106689213,0.06516717690231513,-0.03210585113425141,OK
0.690365470203123,0.7233776659407186,-0.006372501552369563,0.008925311946589484,0.2936259858973479,0.9554561104006504,0.00814703839960661,-0.028653573410416595,0.09426777495144888,0.9955405733220652,-0.0022908029066328385,0.0027029053478468423,0.7483029392381566,-0.12202081871687104,-0.643277536032512,-0.10652531418935303,0.7408301841258593,0.37216441753300733,-0.4993989869297062,0.25152522033375857,0.9984370460131086,0.0420039135731102,0.03685387638200689,-0.0009634255446349514,OK
0.7753932038589899,0.6298498228758675,-0.0349438933348078,0.028870475422739635,0.17282631995777684,0.9820242506226652,0.013621142928270252,-0.07465854796453388,0.03226943907451431,-0.9965419892458725,0.000910509617360633,0.07656316310036046,0.7867986491568709,-0.10292558874169652,-0.6034129883097522,-0.07903780365238654,0.7610461977234586,0.2795150373921697,-0.5479144424794304,0.20608200436907476,0.9941385897897853,0.10112673039961127,0.03788719624832498,-0.005138973623427893,OK
0.7399445453661233,0.670271739794738,-0.045515479413716226,0.03385566051926311,0.12221533754755773,0.9903600256763548,0.005987009462377053,-0.06491984695117468,0.06448825759362772,-0.9971897936626145,0.0037936566523421567,0.03793927011494103,0.759595804234078,-0.15865599020316362,-0.6213664704756657,-0.10837988896124504,0.7850194815648828,0.1997567709075651,-0.5687934272414011,0.14253309498908032,0.9950820566091342,0.0824650435121031,0.05439707311974601,-0.007223271356365261,OK
0.43017274585669696,0.8599729072375855,0.12008652806020802,-0.2469356866025841,0.26861316224945103,0.7886247938527676,0.1977886893483911,-0.5165244795291656,0.18974074757245307,-0.79000373213743,0.11200781066923687,0.5721422919769722,0.23806332308721406,-0.8875805053702325,-0.07593777548784256,-0.3869885721069208,0.19473424566329647,-0.8578623113803798,-0.07649256298780423,-0.4693609656614149,0.8621499269712414,0.505493073545395,-0.03159082661276852,0.013276885743087889,OK
0.1743753155519193,0.9792189036462947,-0.021070805919326363,0.10138840765012191,0.49535604584062704,-0.8008579826683181,0.1847848796699963,0.28125331587541436,0.6160649228460398,-0.7522503408955665,0.1538517788790366,0.17582111817686494,0.678269818378699,-0.7183625654959621,-0.10022968610751389,-0.1177254772484501,0.690607619189327,-0.672111383756601,-0.18290605300482696,-0.1946093006940623,0.718974144746129,0.5101153153517021,-0.3816453630088138,0.2778585271753895,OK
0.28455725333617754,0.9206340286919166,-0.08019051031653922,0.2550090916877961,0.3696323734441861,-0.911804859631041,0.07465762830979963,0.1625116764740032,0.5779624300987937,-0.8137995339890193,0.03756847849138689,0.04773214113565761,0.7370551598099631,-0.6314194105846156,-0.18101189964287398,-0.15904059708817953,0.7511383684850103,-0.5731259692240667,-0.26078190627715486,-0.19826893894179262,0.8242473586757122,0.3309684441445007,-0.4287535261251757,0.1650654250044772,OK
0.4594380152901823,0.8746987096192829,-0.0693826226625775,0.13785836633676687,0.1211538027369456,-0.9349653851385006,0.059274390609345536,0.32809759415924283,0.3880656899918031,-0.8798342365907579,0.11733691149373487,0.2480499658840045,0.5682678690579401,-0.7190269399157353,-0.2552356479983727,-0.3081016920800861,0.6422732040614201,-0.5792144395001497,-0.37646743851436537,-0.3320663068690311,0.8438769731130714,0.4475644232304167,-0.25686585278935276,0.14689341366699696,OK
0.6373408074265224,0.751165651007761,0.11692247342439535,-0.1259999807274452,0.24368217299174064,0.9258852070029479,0.08267235281067636,-0.27662404830361165,0.0035912755973050996,0.9600655506845043,0.012656171673175502,-0.27946567311035336,0.031680332494472115,-0.8053378389783018,-0.02112983393595988,-0.5915917948726447,0.21671143720106675,0.798276569205527,-0.1462817037795214,0.542579335381529,0.931760511930304,0.35403896522588363,0.07763255732637751,-0.02125901108072125,OK
0.6174610854241761,0.7826873032950526,0.04734237212465771,-0.06245873076782004,0.1441673834505167,0.9480934433724582,0.043625452878739736,-0.28005608017736755,0.13851937900993158,-0.9735650693169123,0.02366783357070862,0.1800646303379094,0.5816617145879637,-0.5154014845677801,-0.48178900186092444,-0.4048583915071697,0.6586992426456522,0.3029719529658694,-0.6289322826738776,0.2806554600657487,0.983698875036683,0.17779145129120016,-0.026802767946252193,0.0028869932027446726,OK
0.7575153320366619,0.652741767947482,0.0021122876999993953,-0.009707952763277464,0.21000964351963722,0.9363501668144025,0.05584840470676157,-0.27572680396926463,0.11041299249644562,-0.9624325236720306,0.03331492144622526,0.24581034249050207,0.7337468576571934,-0.14672947224808328,-0.6503422312396607,-0.13092361558639035,0.293096976280196,-0.7864582379851958,-0.18756549103863726,-0.510290886624543,0.8566924894668485,0.5079406701941203,-0.0798134499634696,0.04128034954758045,OK
0.49200188773663106,0.8668518644455165,0.03919880097202031,-0.0704658894308399,0.16620070899153577,-0.9860432163559586,-0.0005900939279384803,0.009785274562494936,0.009207342997105418,-0.9981136772438148,-0.0027946175345812986,0.06063416732007485,0.24522721361299474,0.6721384082339932,-0.2416015976214067,0.6555320296576395,0.6370112859594336,0.3832118293711376,-0.5720642830952182,0.3465656812165465,0.9919903982972094,0.12332311806925085,0.027281302770965337,-0.0014794441322478998,OK
0.7090469158832484,0.7049491722163919,-0.011927646222419128,0.012524652628730372,0.1556195786859858,0.9731422101308276,0.026977723944487574,-0.16747832099128337,0.07312529548086566,-0.9853181584120241,0.009327555380409401,0.15399290430081175,0.6419389753624573,-0.44860472509224075,-0.5110241420046174,-0.3542915167259277,0.695420161544491,0.24435886964473,-0.6374506566254617,0.22435730902101583,0.974447866438711,0.22275307929237917,-0.027675471887143283,0.008154110290580541,OK
0.6783805958447164,0.7344538572910753,0.011801468717400648,-0.015428027344432054,0.1628704968479442,0.9474043931084557,0.05655708563427698,-0.2696282871656079,0.05743974889763108,-0.974209085504145,0.007933241411849179,0.2180697059393072,0.6422987148968394,-0.5703376309681658,-0.38833886929644895,-0.33370686258607923,0.7242359689137849,0.1569769141336098,-0.6499500725855514,0.16853905454415313,0.9717804661209213,0.138613206080695,-0.1893084134610161,0.024319320687647333,OK
0.21821115928090917,0.967306487232861,-0.027217239611925643,0.1263379261758389,0.3398655326704288,-0.883212734363896,0.11683572081258241,0.30129072322642153,0.5052863524921994,-0.8337200204047395,0.11477500362522926,0.19084896673620813,0.63313247638451,-0.748443824487732,-0.1298102183133583,-0.1487427852194295,0.6571082659968124,-0.7000257883116596,-0.19401459343818353,-0.20132302399457014,0.7615024268880286,0.5313523023932001,-0.30313089009703276,0.2142205593636352,OK
0.3362538701270243,0.9417539297560945,0.0053523434877088254,0.0020550018834066793,0.42267451202868683,-0.8025758197879064,0.20825750591245815,0.3658512287859698,0.4585688456661513,-0.8340058947693315,0.15397273621780838,0.2654075691762041,0.4937673169070195,-0.7842363138778468,-0.20611993397840556,-0.3141366160868042,0.5444401947061557,-0.7199939797227647,-0.26516868719533054,-0.33893821100962246,0.862198044636031,0.42983174798077733,-0.23955710779333383,0.1202979316500798,OK
0.631013049247387,0.7179848299013004,0.19483438393124466,-0.21990879597971466,0.372468860596204,0.8641002636191353,0.1298301389066693,-0.31263687775273935,0.10834679809523215,0.9322540200719007,0.03582235886855807,-0.3433368200577726,0.05731754798877546,-0.8619161712325812,-0.03610401671962728,-0.5025054352313323,0.061341083640931236,0.8645945382629516,-0.03215685411083938,0.4976740827060659,0.885924557116688,0.451113439530456,0.09834490354886709,-0.04430150921318517,OK
0.6847312969352864,0.6238016345310453,0.27255767576382695,-0.26024389548255994,0.455625100290009,0.8354625011996358,0.14368164846984804,-0.27159484709389214,0.026557652760521182,0.956791259074453,-0.0067595402678190235,-0.28948140916808834,0.16351834348083158,-0.8524875914889561,-0.09635184327966814,-0.48707594890248257,0.08341667981616208,-0.835121417207877,-0.061391962705444184,-0.5402267144119477,0.8925937797263183,0.45081057010903186,-0.005290588468070326,-0.004264263771868431,OK
0.6943278645334535,0.6352027152560968,0.25774465091188653,-0.21907537969841803,0.5119893502288384,0.7934413612170772,0.1883462876591866,-0.2698951416518021,0.3458392534565259,0.8221417689081489,0.18860363060925206,-0.41098271631082195,0.14241444203140316,0.8695169379408901,-0.09587407804342432,0.4631053686733784,0.2266080235159981,0.8560336849838234,-0.13144610483170804,0.44561985523062225,0.893390076429958,0.40604049223725736,0.17410294656403527,-0.0816912112648605,OK
0.32466568138810714,0.9446650851778386,-0.010468371153721802,0.045721826080449016,-0.007235388094544842,-0.8905830235160265,0.023878618916036036,0.45413581552530813,0.43509027305474457,-0.8757682415305464,0.10317719664696458,0.18188157551471718,0.5648397095198036,-0.7697100335017835,-0.1895221276800897,-0.22931186187347377,0.5765078289651906,-0.7278746383957773,-0.24703007972962557,-0.2771522571274388,0.7839291285352852,0.5360508245047447,-0.2510616222003067,0.18727705903244574,OK
0.5985747436120485,0.7348702031268207,0.20404441948661023,-0.24503047921123547,0.46888323235068097,0.7864991825110118,0.22137760054511593,-0.3354988946431486,0.1779881194203693,0.9055016913520413,0.09576004245389998,-0.37311785078312754,0.027474815167792994,0.890732310554683,-0.0070824560879144145,0.45364184582242195,0.12749561315142474,0.8990432225115874,-0.04558506085148195,0.4163990332725199,0.879490173435949,0.43868648774480434,0.16949576346442832,-0.07295468776811123,OK
0.7228044777091127,0.6906616567064553,-0.018223084691338334,0.014425052633650235,0.10205854979895224,0.9938034583232879,0.005034005469828758,-0.0437423985000525,0.03011748269298065,-0.9993731179055694,-0.0013773218897643485,0.018558325041637427,0.8006354163708109,-0.09017676284143847,-0.5891642245945047,-0.0611277183782694,0.7932832500809675,0.2708959179957316,-0.5175081705950737,0.1717625690351865,0.989629637376274,0.0959665724508003,0.10640536256207224,-0.010074552922279321,OK
0.7150123408887716,0.6962272286917811,-0.04431708142938088,0.04539817946242945,0.08233487019802363,0.9952500895782457,0.00402185478603668,-0.05178854147442965,0.04376740584352717,0.9976146702232959,-0.0009225051956856014,-0.05337164907660833,0.5492598819270882,-0.5198010742762428,-0.48048711542273004,-0.4441312387115429,0.12458174400764747,0.7529123281766474,-0.11265589265936668,0.6363262252875913,0.9149891028576085,0.40323323751945706,0.011792838957510704,-0.00766986054162737,OK
